{"cameraMode":{"drawMode":0,"name":"Shaded","section":"Shading Mode"},"sceneLighting":false,"audioPlay":false,"sceneViewState":{"showFog":true,"showMaterialUpdate":false,"showSkybox":true,"showFlares":true,"showImageEffects":true,"showParticleSystems":true},"in2DMode":false,"pivot":{"x":165.7189178466797,"y":8.05334186553955,"z":61.38886260986328},"rotation":{"x":-0.0012077477294951678,"y":0.06653182208538056,"z":-0.00024712461163289845,"w":0.9979123473167419},"size":2.5063915252685549,"orthographic":false}