{"cameraMode":{"drawMode":0,"name":"Shaded","section":"Shading Mode"},"sceneLighting":true,"audioPlay":false,"sceneViewState":{"showFog":true,"showMaterialUpdate":false,"showSkybox":true,"showFlares":true,"showImageEffects":true,"showParticleSystems":true},"in2DMode":false,"pivot":{"x":700.179443359375,"y":-145.76498413085938,"z":1366.6658935546875},"rotation":{"x":0.0062117124907672409,"y":-0.7238463759422302,"z":0.006511779967695475,"w":0.6899102330207825},"size":0.7575161457061768,"orthographic":true}