{"cameraMode":{"drawMode":0,"name":"Shaded","section":"Shading Mode"},"sceneLighting":false,"audioPlay":false,"sceneViewState":{"showFog":true,"showMaterialUpdate":false,"showSkybox":false,"showFlares":true,"showImageEffects":true,"showParticleSystems":true},"in2DMode":false,"pivot":{"x":-7.7469048500061039,"y":8.921977996826172,"z":14.155922889709473},"rotation":{"x":0.2347550243139267,"y":0.3559876084327698,"z":-0.09318328648805618,"w":0.8998371362686157},"size":2.2063915729522707,"orthographic":false}