{"cameraMode":{"drawMode":0,"name":"Shaded","section":"Shading Mode"},"sceneLighting":false,"audioPlay":false,"sceneViewState":{"showFog":true,"showMaterialUpdate":false,"showSkybox":false,"showFlares":true,"showImageEffects":true,"showParticleSystems":true},"in2DMode":false,"pivot":{"x":1.154877781867981,"y":1.8250495195388795,"z":2.7916719913482668},"rotation":{"x":-0.024743501096963884,"y":-0.6505149602890015,"z":-0.021361317485570909,"w":0.7588933706283569},"size":1.501665711402893,"orthographic":false}