{"cameraMode":{"drawMode":0,"name":"Shaded","section":"Shading Mode"},"sceneLighting":false,"audioPlay":false,"sceneViewState":{"showFog":true,"showMaterialUpdate":false,"showSkybox":false,"showFlares":true,"showImageEffects":true,"showParticleSystems":true},"in2DMode":false,"pivot":{"x":-666.2250366210938,"y":236.39227294921876,"z":194.41473388671876},"rotation":{"x":0.25847578048706057,"y":0.655387818813324,"z":-0.2602195739746094,"w":0.6611250042915344},"size":1375.1571044921875,"orthographic":false}