{"cameraMode":{"drawMode":0,"name":"Shaded","section":"Shading Mode"},"sceneLighting":false,"audioPlay":false,"sceneViewState":{"showFog":true,"showMaterialUpdate":false,"showSkybox":false,"showFlares":true,"showImageEffects":true,"showParticleSystems":true},"in2DMode":false,"pivot":{"x":0.15000003576278687,"y":4.960000038146973,"z":57.66999816894531},"rotation":{"x":-0.02673807553946972,"y":-0.9516143202781677,"z":0.08928924798965454,"w":-0.2939322292804718},"size":0.43301576375961306,"orthographic":false}