{"cameraMode":{"drawMode":0,"name":"Shaded","section":"Shading Mode"},"sceneLighting":false,"audioPlay":false,"sceneViewState":{"showFog":true,"showMaterialUpdate":false,"showSkybox":false,"showFlares":true,"showImageEffects":true,"showParticleSystems":true},"in2DMode":false,"pivot":{"x":-3.0,"y":3.5699996948242189,"z":64.46238708496094},"rotation":{"x":-0.14737829566001893,"y":0.11300688982009888,"z":-0.01635710895061493,"w":-0.9826021194458008},"size":4.330127239227295,"orthographic":false}