{"cameraMode":{"drawMode":0,"name":"Shaded","section":"Shading Mode"},"sceneLighting":true,"audioPlay":false,"sceneViewState":{"showFog":true,"showMaterialUpdate":false,"showSkybox":true,"showFlares":true,"showImageEffects":true,"showParticleSystems":true},"in2DMode":false,"pivot":{"x":725.8015747070313,"y":-26.392751693725587,"z":1373.566162109375},"rotation":{"x":-0.24916192889213563,"y":-0.7061237096786499,"z":0.2931539714336395,"w":-0.5949070453643799},"size":20.164384841918947,"orthographic":false}