{"cameraMode":{"drawMode":0,"name":"Shaded","section":"Shading Mode"},"sceneLighting":false,"audioPlay":false,"sceneViewState":{"showFog":true,"showMaterialUpdate":false,"showSkybox":false,"showFlares":true,"showImageEffects":true,"showParticleSystems":true},"in2DMode":false,"pivot":{"x":-0.8753204345703125,"y":-13.64443588256836,"z":4.093986511230469},"rotation":{"x":0.02825593203306198,"y":-0.831042468547821,"z":0.04460803046822548,"w":0.5539838075637817},"size":85.21223449707031,"orthographic":false}