{"cameraMode":{"drawMode":0,"name":"Shaded","section":"Shading Mode"},"sceneLighting":false,"audioPlay":false,"sceneViewState":{"showFog":true,"showMaterialUpdate":false,"showSkybox":false,"showFlares":true,"showImageEffects":true,"showParticleSystems":true},"in2DMode":false,"pivot":{"x":175.06936645507813,"y":-20.64334487915039,"z":-53.31486892700195},"rotation":{"x":0.3141942024230957,"y":0.2886981666088104,"z":-0.10093826055526734,"w":0.8987622857093811},"size":0.30345970392227175,"orthographic":false}